<?xml version="1.0" encoding="utf-8"?>
<!--/987348/127516/2.49/4/3/Switch/-->
<quadcept_library>
  <setting unit="mil" />
  <textstyle name="Default" height="47.244094488189" strokewidth="7.8740157480315" charwidth="47.244094488189" />
  <textstyle name="Dimension" height="19.6850393700787" strokewidth="0" charwidth="19.6850393700787" />
  <textstyle name="H127W0635TH00762" height="50" strokewidth="3" charwidth="25" />
  <textstyle name="H15W15TH02" height="59.0551181102362" strokewidth="7.8740157480315" charwidth="59.0551181102362" />
  <padstyle name="c140_h90" surface="False" plated="True" isvia="False" nopaste="True" nomask="True" complex="False" holesize="35.433070866141">
    <padshape layer="TOP" shape="round" width="55.11811023622" height="55.11811023622" />
    <padshape layer="TOP_SOLDER_MASK" shape="round" width="62.992125984251" height="62.992125984251" />
    <padshape layer="INNER" shape="round" width="55.11811023622" height="55.11811023622" />
    <padshape layer="BOTTOM" shape="round" width="55.11811023622" height="55.11811023622" />
    <padshape layer="BOTTOM_SOLDER_MASK" shape="round" width="62.992125984251" height="62.992125984251" />
  </padstyle>
  <footprint name="5GTH965" originx="0" originy="0" pickpointx="0" pickpointy="0">
    <pcbpin number="1" name="1" style="c140_h90" originx="0" originy="0" rotation="90" />
    <pcbpin number="2" name="2" style="c140_h90" originx="-400" originy="0" rotation="90" />
    <pcbpin number="3" name="3" style="c140_h90" originx="0" originy="-300" rotation="90" />
    <pcbpin number="4" name="4" style="c140_h90" originx="-400" originy="-300" rotation="90" />
    <line layer="TOP_ASSEMBLY" originx="-396.85039370078" originy="-346.85039370078" endx="-3.1496062992126" endy="-346.85039370078" width="3.9370078740157" />
    <line layer="TOP_ASSEMBLY" originx="-3.1496062992126" originy="-346.85039370078" endx="-3.1496062992126" endy="46.850393700787" width="3.9370078740157" />
    <line layer="TOP_ASSEMBLY" originx="-3.1496062992126" originy="46.850393700787" endx="-396.85039370078" endy="46.850393700787" width="3.9370078740157" />
    <line layer="TOP_ASSEMBLY" originx="-396.85039370078" originy="46.850393700787" endx="-396.85039370078" endy="-346.85039370078" width="3.9370078740157" />
    <line layer="TOP_PLACE_BOUND" originx="-466.92913385826" originy="86.220472440944" endx="66.929133858267" endy="86.220472440944" width="3.9370078740157" />
    <line layer="TOP_PLACE_BOUND" originx="66.929133858267" originy="86.220472440944" endx="66.929133858267" endy="-386.22047244094" width="3.9370078740157" />
    <line layer="TOP_PLACE_BOUND" originx="66.929133858267" originy="-386.22047244094" endx="-466.92913385826" endy="-386.22047244094" width="3.9370078740157" />
    <line layer="TOP_PLACE_BOUND" originx="-466.92913385826" originy="-386.22047244094" endx="-466.92913385826" endy="86.220472440944" width="3.9370078740157" />
    <line layer="TOP_SILKSCREEN" originx="39.370078740157" originy="0" endx="39.370078740157" endy="0" width="7.8740157480314" />
    <arc layer="TOP_SILKSCREEN" originx="41.338582677165" originy="0" startangle="-180.0" sweepangle="180.0" radius="1.9685039370079" width="7.8740157480314" />
    <line layer="TOP_SILKSCREEN" originx="43.307086614173" originy="0" endx="43.307086614173" endy="0" width="7.8740157480314" />
    <arc layer="TOP_SILKSCREEN" originx="41.338582677165" originy="0" startangle=".0" sweepangle="180.0" radius="1.9685039370079" width="7.8740157480314" />
    <line layer="TOP_SILKSCREEN" originx="39.370078740157" originy="0" endx="39.370078740157" endy="0" width="7.8740157480314" />
    <arc layer="TOP_SILKSCREEN" originx="41.338582677165" originy="0" startangle="-180.0" sweepangle="180.0" radius="1.9685039370079" width="7.8740157480314" />
    <line layer="TOP_SILKSCREEN" originx="-3.1496062992126" originy="46.850393700787" endx="-396.85039370078" endy="46.850393700787" width="7.8740157480314" />
    <line layer="TOP_SILKSCREEN" originx="-396.85039370078" originy="-47.244094488188" endx="-396.85039370078" endy="-259.84251968504" width="7.8740157480314" />
    <line layer="TOP_SILKSCREEN" originx="-396.85039370078" originy="-346.85039370078" endx="-3.1496062992126" endy="-346.85039370078" width="7.8740157480314" />
    <line layer="TOP_SILKSCREEN" originx="-3.1496062992126" originy="-259.84251968504" endx="-3.1496062992126" endy="-47.244094488188" width="7.8740157480314" />
  </footprint>
  <symbol name="5GTH965" originx="0" originy="0">
    <line originx="200" originy="100" endx="1000" endy="100" width="0" />
    <line originx="1000" originy="-200" endx="1000" endy="100" width="0" />
    <line originx="1000" originy="-200" endx="200" endy="-200" width="0" />
    <line originx="200" originy="100" endx="200" endy="-200" width="0" />
    <sympin number="1" originx="1000" originy="0" rotation="0" length="100" width="7.8740157480315" flipped="False">
      <text name="pinname" originx="970" originy="0" style="Default" rotation="0" justify="right" flipped="False" hidden="False" data="NO_1" />
      <text name="pindes" originx="1060" originy="20" style="Default" rotation="0" justify="lowerleft" flipped="False" hidden="False" data="1" />
    </sympin>
    <sympin number="2" originx="200" originy="0" rotation="180" length="100" width="7.8740157480315" flipped="False">
      <text name="pinname" originx="230" originy="0" style="Default" rotation="0" justify="left" flipped="False" hidden="False" data="NO_2" />
      <text name="pindes" originx="140" originy="20" style="Default" rotation="0" justify="lowerright" flipped="False" hidden="False" data="2" />
    </sympin>
    <sympin number="3" originx="1000" originy="-100" rotation="0" length="100" width="7.8740157480315" flipped="False">
      <text name="pinname" originx="970" originy="-100" style="Default" rotation="0" justify="right" flipped="False" hidden="False" data="COM_1" />
      <text name="pindes" originx="1060" originy="-80" style="Default" rotation="0" justify="lowerleft" flipped="False" hidden="False" data="3" />
    </sympin>
    <sympin number="4" originx="200" originy="-100" rotation="180" length="100" width="7.8740157480315" flipped="False">
      <text name="pinname" originx="230" originy="-100" style="Default" rotation="0" justify="left" flipped="False" hidden="False" data="COM_2" />
      <text name="pindes" originx="140" originy="-80" style="Default" rotation="0" justify="lowerright" flipped="False" hidden="False" data="4" />
    </sympin>
  </symbol>
  <component name="5GTH965" designatorprefix="S" height="259.84251968504" footprint="5GTH965">
    <comppin designator="1" sympin="1" pinswap="0" gateswap="0" gate="1" group="1" side="" type="Any" name="NO_1" />
    <comppin designator="2" sympin="2" pinswap="0" gateswap="0" gate="1" group="1" side="" type="Any" name="NO_2" />
    <comppin designator="3" sympin="3" pinswap="0" gateswap="0" gate="1" group="1" side="" type="Any" name="COM_1" />
    <comppin designator="4" sympin="4" pinswap="0" gateswap="0" gate="1" group="1" side="" type="Any" name="COM_2" />
    <attached_symbol gate="1" name="5GTH965" />
    <pinmap designator="1" footprintpin="1" />
    <pinmap designator="2" footprintpin="2" />
    <pinmap designator="3" footprintpin="3" />
    <pinmap designator="4" footprintpin="4" />
    <text name="Datasheet" originx="0" originy="0" style="Default" rotation="0" justify="" flipped="False" hidden="True" data="https://www.digikey.in/product-detail/en/mec-switches/5GTH965/679-2613-ND/2411560" />
    <text name="Description" originx="0" originy="0" style="Default" rotation="0" justify="" flipped="False" hidden="True" data="Tactile Switches 50mA 24VDC 6.5N ThruHole IP67" />
    <text name="Manufacturer_Name" originx="0" originy="0" style="Default" rotation="0" justify="" flipped="False" hidden="True" data="Apem" />
    <text name="Manufacturer_Part_Number" originx="1050" originy="200" style="Default" rotation="0" justify="left" flipped="False" hidden="False" data="5GTH965" />
    <text name="Mouser Part Number" originx="0" originy="0" style="Default" rotation="0" justify="" flipped="False" hidden="True" data="642-5GTH965" />
    <text name="Mouser Price/Stock" originx="0" originy="0" style="Default" rotation="0" justify="" flipped="False" hidden="True" data="https://www.mouser.co.uk/ProductDetail/Apem/5GTH965?qs=XkGcM6gst%2F9QgOZ6koctQA%3D%3D" />
    <text name="Arrow Part Number" originx="0" originy="0" style="Default" rotation="0" justify="" flipped="False" hidden="True" data="" />
    <text name="Arrow Price/Stock" originx="0" originy="0" style="Default" rotation="0" justify="" flipped="False" hidden="True" data="" />
  </component>
</quadcept_library>
