<Footprint name="SOD-123_ONS-M" >
  <Units type="mils" precision="3" />
  <Extents minX="-2382" minY="-2491" width="4033" height="4149" />
  <Padstack name="RX60Y32D0T" type="single" > 
    <Layers>
      <Layer name="TOP" >
        <Pad shape="rectangle" width="60" height="32" /> 
      </Layer>
      <Layer name="PASTEMASK_TOP" >
        <Pad shape="rectangle" width="60" height="32" /> 
      </Layer>
      <Layer name="SOLDERMASK_TOP" >
        <Pad shape="rectangle" width="60" height="32" /> 
      </Layer>
    </Layers>
  </Padstack>

  <Padstack name="RX60Y32D0T" type="single" > 
    <Layers>
      <Layer name="TOP" >
        <Pad shape="rectangle" width="60" height="32" /> 
      </Layer>
      <Layer name="PASTEMASK_TOP" >
        <Pad shape="rectangle" width="60" height="32" /> 
      </Layer>
      <Layer name="SOLDERMASK_TOP" >
        <Pad shape="rectangle" width="60" height="32" /> 
      </Layer>
    </Layers>
  </Padstack>
  <TextBlocks>
    <TextBlock name="17" width="6.25" height="25" lineSpacing="25" characterSpacing="6.25" /> 
  </TextBlocks>

  <Pins>
    <Pin number="1" padName="RX60Y32D0T" originX="-68" originY="0" rotation="0" isMechanical="no" textBlockName="17" />
    <Pin number="2" padName="RX60Y32D0T" originX="68" originY="0" rotation="0" isMechanical="no" textBlockName="17" />
  </Pins>
  <Vias>
  </Vias>
  <Layers>
    <Layer name="PACKAGE GEOMETRY/ASSEMBLY_TOP" packageHeight="53" >
      <Path lineWidth="0" type="line" >
        <Point x="-56" y="-14" />
        <Point x="-56" y="14" />
      </Path>
    </Layer>
    <Layer name="PACKAGE GEOMETRY/ASSEMBLY_TOP" packageHeight="53" >
      <Path lineWidth="0" type="line" >
        <Point x="-56" y="14" />
        <Point x="-76" y="14" />
      </Path>
    </Layer>
    <Layer name="PACKAGE GEOMETRY/ASSEMBLY_TOP" packageHeight="53" >
      <Path lineWidth="0" type="line" >
        <Point x="-76" y="14" />
        <Point x="-76" y="-14" />
      </Path>
    </Layer>
    <Layer name="PACKAGE GEOMETRY/ASSEMBLY_TOP" packageHeight="53" >
      <Path lineWidth="0" type="line" >
        <Point x="-76" y="-14" />
        <Point x="-56" y="-14" />
      </Path>
    </Layer>
    <Layer name="PACKAGE GEOMETRY/ASSEMBLY_TOP" packageHeight="53" >
      <Path lineWidth="0" type="line" >
        <Point x="56" y="14" />
        <Point x="56" y="-14" />
      </Path>
    </Layer>
    <Layer name="PACKAGE GEOMETRY/ASSEMBLY_TOP" packageHeight="53" >
      <Path lineWidth="0" type="line" >
        <Point x="56" y="-14" />
        <Point x="76" y="-14" />
      </Path>
    </Layer>
    <Layer name="PACKAGE GEOMETRY/ASSEMBLY_TOP" packageHeight="53" >
      <Path lineWidth="0" type="line" >
        <Point x="76" y="-14" />
        <Point x="76" y="14" />
      </Path>
    </Layer>
    <Layer name="PACKAGE GEOMETRY/ASSEMBLY_TOP" packageHeight="53" >
      <Path lineWidth="0" type="line" >
        <Point x="76" y="14" />
        <Point x="56" y="14" />
      </Path>
    </Layer>
    <Layer name="VIA KEEPOUT/TOP" packageHeight="53" >
      <Path lineWidth="6" type="shape" >
        <Point x="-36" y="33.5" />
        <Point x="36" y="33.5" />
        <Point x="36" y="-33.5" />
        <Point x="-36" y="-33.5" />
        <Point x="-36" y="33.5" />
      </Path>
    </Layer>
    <Layer name="ROUTE KEEPOUT/TOP" packageHeight="53" >
      <Path lineWidth="6" type="shape" >
        <Point x="-36" y="33.5" />
        <Point x="36" y="33.5" />
        <Point x="36" y="-33.5" />
        <Point x="-36" y="-33.5" />
        <Point x="-36" y="33.5" />
      </Path>
    </Layer>
    <Layer name="PACKAGE GEOMETRY/PLACE_BOUND_TOP" packageHeight="53" packageHeightMin="0">
      <Path lineWidth="6" type="shape" >
        <Point x="-118" y="-36" />
        <Point x="-118" y="36" />
        <Point x="-76" y="36" />
        <Point x="-76" y="55.5" />
        <Point x="76" y="55.5" />
        <Point x="76" y="36" />
        <Point x="118" y="36" />
        <Point x="118" y="-36" />
        <Point x="76" y="-36" />
        <Point x="76" y="-55.5" />
        <Point x="-76" y="-55.5" />
        <Point x="-76" y="-36" />
        <Point x="-118" y="-36" />
      </Path>
    </Layer>
    <Layer name="MANUFACTURING/NO_PROBE_TOP" packageHeight="53" >
      <Path lineWidth="6" type="shape" >
        <Point x="-105.5" y="-43" />
        <Point x="-105.5" y="43" />
        <Point x="105.5" y="43" />
        <Point x="105.5" y="-43" />
        <Point x="-105.5" y="-43" />
      </Path>
    </Layer>
    <Layer name="REF DES/SILKSCREEN_TOP" packageHeight="53" >
      <Label layer="REF DES/SILKSCREEN_TOP" textBlock="3" angle="0" x="0" y="-25" text="Ref" justify="center" />
    </Layer>
    <Layer name="DEVICE TYPE/SILKSCREEN_TOP" packageHeight="53" >
      <Label layer="DEVICE TYPE/SILKSCREEN_TOP" textBlock="3" angle="0" x="0" y="-25" text="Dev" justify="center" />
    </Layer>
    <Layer name="USER PART NUMBER/SILKSCREEN_TOP" packageHeight="53" >
      <Label layer="USER PART NUMBER/SILKSCREEN_TOP" textBlock="3" angle="0" x="0" y="-25" text="PN" justify="center" />
    </Layer>
    <Layer name="DEVICE TYPE/ASSEMBLY_TOP" packageHeight="53" >
      <Label layer="DEVICE TYPE/ASSEMBLY_TOP" textBlock="3" angle="0" x="0" y="-25" text="DEV" justify="center" />
    </Layer>
    <Layer name="COMPONENT VALUE/SILKSCREEN_TOP" packageHeight="53" >
      <Label layer="COMPONENT VALUE/SILKSCREEN_TOP" textBlock="3" angle="0" x="0" y="-25" text="VAL" justify="center" />
    </Layer>
    <Layer name="TOLERANCE/SILKSCREEN_TOP" packageHeight="53" >
      <Label layer="TOLERANCE/SILKSCREEN_TOP" textBlock="3" angle="0" x="0" y="-25" text="TOL" justify="center" />
    </Layer>
    <Layer name="REF DES/ASSEMBLY_TOP" packageHeight="53" >
      <Label layer="REF DES/ASSEMBLY_TOP" textBlock="3" angle="0" x="0" y="-25" text="Ref" justify="center" />
    </Layer>
    <Layer name="PACKAGE GEOMETRY/ASSEMBLY_TOP" packageHeight="53" >
      <Label layer="PACKAGE GEOMETRY/ASSEMBLY_TOP" textBlock="3" angle="0" x="-46" y="-25" text="*" justify="center" />
    </Layer>
    <Layer name="PACKAGE GEOMETRY/SILKSCREEN_TOP" packageHeight="53" >
      <Label layer="PACKAGE GEOMETRY/SILKSCREEN_TOP" textBlock="3" angle="0" x="-113" y="-25" text="*" justify="center" />
    </Layer>
    <Layer name="PACKAGE GEOMETRY/ASSEMBLY_TOP" packageHeight="53" >
      <Path lineWidth="0" type="line" >
        <Point x="-56" y="17.75" />
        <Point x="-38.25" y="35.5" />
      </Path>
    </Layer>
    <Layer name="PACKAGE GEOMETRY/ASSEMBLY_TOP" packageHeight="53" >
      <Path lineWidth="0" type="line" >
        <Point x="-56" y="-17.75" />
        <Point x="-38.25" y="-35.5" />
      </Path>
    </Layer>
    <Layer name="PACKAGE GEOMETRY/SILKSCREEN_TOP" packageHeight="53" >
      <Path lineWidth="6" type="line" >
        <Point x="-61" y="-40.5" />
        <Point x="61" y="-40.5" />
      </Path>
    </Layer>
    <Layer name="PACKAGE GEOMETRY/SILKSCREEN_TOP" packageHeight="53" >
      <Path lineWidth="6" type="line" >
        <Point x="61" y="-40.5" />
        <Point x="61" y="-29.1" />
      </Path>
    </Layer>
    <Layer name="PACKAGE GEOMETRY/SILKSCREEN_TOP" packageHeight="53" >
      <Path lineWidth="6" type="line" >
        <Point x="61" y="40.5" />
        <Point x="-61" y="40.5" />
      </Path>
    </Layer>
    <Layer name="PACKAGE GEOMETRY/SILKSCREEN_TOP" packageHeight="53" >
      <Path lineWidth="6" type="line" >
        <Point x="-61" y="40.5" />
        <Point x="-61" y="29.1" />
      </Path>
    </Layer>
    <Layer name="PACKAGE GEOMETRY/ASSEMBLY_TOP" packageHeight="53" >
      <Path lineWidth="0" type="line" >
        <Point x="-56" y="-35.5" />
        <Point x="56" y="-35.5" />
      </Path>
    </Layer>
    <Layer name="PACKAGE GEOMETRY/ASSEMBLY_TOP" packageHeight="53" >
      <Path lineWidth="0" type="line" >
        <Point x="56" y="-35.5" />
        <Point x="56" y="35.5" />
      </Path>
    </Layer>
    <Layer name="PACKAGE GEOMETRY/ASSEMBLY_TOP" packageHeight="53" >
      <Path lineWidth="0" type="line" >
        <Point x="56" y="35.5" />
        <Point x="-56" y="35.5" />
      </Path>
    </Layer>
    <Layer name="PACKAGE GEOMETRY/ASSEMBLY_TOP" packageHeight="53" >
      <Path lineWidth="0" type="line" >
        <Point x="-56" y="35.5" />
        <Point x="-56" y="-35.5" />
      </Path>
    </Layer>
    <Layer name="PACKAGE GEOMETRY/SILKSCREEN_TOP" packageHeight="53" >
      <Path lineWidth="6" type="line" >
        <Point x="-61" y="-29.1" />
        <Point x="-61" y="-40.5" />
      </Path>
    </Layer>
    <Layer name="PACKAGE GEOMETRY/SILKSCREEN_TOP" packageHeight="53" >
      <Path lineWidth="6" type="line" >
        <Point x="61" y="29.1" />
        <Point x="61" y="40.5" />
      </Path>
    </Layer>
  </Layers>
</Footprint>
