<Footprint name="SDE06A" >
  <Units type="mils" precision="3" />
  <Extents minX="-2675" minY="-2586" width="4200" height="4362" />
  <Padstack name="RX24Y14D0T" type="single" > 
    <Layers>
      <Layer name="TOP" >
        <Pad shape="rectangle" width="24" height="14" /> 
      </Layer>
      <Layer name="PASTEMASK_TOP" >
        <Pad shape="circle" width="1" height="1" /> 
      </Layer>
      <Layer name="SOLDERMASK_TOP" >
        <Pad shape="rectangle" width="24" height="14" /> 
      </Layer>
    </Layers>
  </Padstack>
  <Padstack name="RX63Y83D0T" type="single" > 
    <Layers>
      <Layer name="TOP" >
        <Pad shape="rectangle" width="63" height="83" /> 
      </Layer>
      <Layer name="PASTEMASK_TOP" >
        <Pad shape="circle" width="1" height="1" /> 
      </Layer>
      <Layer name="SOLDERMASK_TOP" >
        <Pad shape="rectangle" width="63" height="83" /> 
      </Layer>
    </Layers>
  </Padstack>

  <Padstack name="RX24Y14D0T" type="single" > 
    <Layers>
      <Layer name="TOP" >
        <Pad shape="rectangle" width="24" height="14" /> 
      </Layer>
      <Layer name="PASTEMASK_TOP" >
        <Pad shape="circle" width="1" height="1" /> 
      </Layer>
      <Layer name="SOLDERMASK_TOP" >
        <Pad shape="rectangle" width="24" height="14" /> 
      </Layer>
    </Layers>
  </Padstack>
  <Padstack name="RX63Y83D0T" type="single" > 
    <Layers>
      <Layer name="TOP" >
        <Pad shape="rectangle" width="63" height="83" /> 
      </Layer>
      <Layer name="PASTEMASK_TOP" >
        <Pad shape="circle" width="1" height="1" /> 
      </Layer>
      <Layer name="SOLDERMASK_TOP" >
        <Pad shape="rectangle" width="63" height="83" /> 
      </Layer>
    </Layers>
  </Padstack>
  <TextBlocks>
    <TextBlock name="17" width="6.25" height="25" lineSpacing="25" characterSpacing="6.25" /> 
  </TextBlocks>

  <Pins>
    <Pin number="1" padName="RX24Y14D0T" originX="-55" originY="37.4016" rotation="0" isMechanical="no" textBlockName="17" />
    <Pin number="2" padName="RX24Y14D0T" originX="-55" originY="0" rotation="0" isMechanical="no" textBlockName="17" />
    <Pin number="3" padName="RX24Y14D0T" originX="-55" originY="-37.4016" rotation="0" isMechanical="no" textBlockName="17" />
    <Pin number="4" padName="RX24Y14D0T" originX="55" originY="-37.4016" rotation="180" isMechanical="no" textBlockName="17" />
    <Pin number="5" padName="RX24Y14D0T" originX="55" originY="0" rotation="180" isMechanical="no" textBlockName="17" />
    <Pin number="6" padName="RX24Y14D0T" originX="55" originY="37.4016" rotation="180" isMechanical="no" textBlockName="17" />
    <Pin number="7" padName="RX63Y83D0T" originX="0" originY="0" rotation="0" isMechanical="no" textBlockName="17" />
  </Pins>
  <Vias>
  </Vias>
  <Layers>
    <Layer name="PACKAGE GEOMETRY/PASTEMASK_TOP" packageHeight="32" >
      <Path lineWidth="0" type="shape" >
        <Point x="-75" y="44.4016" />
        <Point x="-75" y="30.4016" />
        <Point x="-51" y="30.4016" />
        <Point x="-51" y="44.4016" />
        <Point x="-75" y="44.4016" />
      </Path>
    </Layer>
    <Layer name="PACKAGE GEOMETRY/PASTEMASK_TOP" packageHeight="32" >
      <Path lineWidth="0" type="shape" >
        <Point x="-75" y="7" />
        <Point x="-75" y="-7" />
        <Point x="-51" y="-7" />
        <Point x="-51" y="7" />
        <Point x="-75" y="7" />
      </Path>
    </Layer>
    <Layer name="PACKAGE GEOMETRY/PASTEMASK_TOP" packageHeight="32" >
      <Path lineWidth="0" type="shape" >
        <Point x="-75" y="-30.4016" />
        <Point x="-75" y="-44.4016" />
        <Point x="-51" y="-44.4016" />
        <Point x="-51" y="-30.4016" />
        <Point x="-75" y="-30.4016" />
      </Path>
    </Layer>
    <Layer name="PACKAGE GEOMETRY/PASTEMASK_TOP" packageHeight="32" >
      <Path lineWidth="0" type="shape" >
        <Point x="51" y="-30.4016" />
        <Point x="51" y="-44.4016" />
        <Point x="75" y="-44.4016" />
        <Point x="75" y="-30.4016" />
        <Point x="51" y="-30.4016" />
      </Path>
    </Layer>
    <Layer name="PACKAGE GEOMETRY/PASTEMASK_TOP" packageHeight="32" >
      <Path lineWidth="0" type="shape" >
        <Point x="51" y="7" />
        <Point x="51" y="-7" />
        <Point x="75" y="-7" />
        <Point x="75" y="7" />
        <Point x="51" y="7" />
      </Path>
    </Layer>
    <Layer name="PACKAGE GEOMETRY/PASTEMASK_TOP" packageHeight="32" >
      <Path lineWidth="0" type="shape" >
        <Point x="51" y="44.4016" />
        <Point x="51" y="30.4016" />
        <Point x="75" y="30.4016" />
        <Point x="75" y="44.4016" />
        <Point x="51" y="44.4016" />
      </Path>
    </Layer>
    <Layer name="PACKAGE GEOMETRY/PASTEMASK_TOP" packageHeight="32" >
      <Path lineWidth="0" type="shape" >
        <Point x="-27.5" y="37.5" />
        <Point x="-27.5" y="-37.5" />
        <Point x="27.5" y="-37.5" />
        <Point x="27.5" y="37.5" />
        <Point x="-27.5" y="37.5" />
      </Path>
    </Layer>
    <Layer name="PACKAGE GEOMETRY/PLACE_BOUND_TOP" packageHeight="32" packageHeightMin="4">
      <Path lineWidth="6" type="shape" >
        <Point x="-77" y="-71" />
        <Point x="-77" y="71" />
        <Point x="77" y="71" />
        <Point x="77" y="-71" />
        <Point x="-77" y="-71" />
      </Path>
    </Layer>
    <Layer name="MANUFACTURING/NO_PROBE_TOP" packageHeight="32" >
      <Path lineWidth="6" type="shape" >
        <Point x="-82" y="-76" />
        <Point x="-82" y="76" />
        <Point x="82" y="76" />
        <Point x="82" y="-76" />
        <Point x="-82" y="-76" />
      </Path>
    </Layer>
    <Layer name="REF DES/SILKSCREEN_TOP" packageHeight="32" >
      <Label layer="REF DES/SILKSCREEN_TOP" textBlock="3" angle="0" x="0" y="-25" text="Ref" justify="center" />
    </Layer>
    <Layer name="DEVICE TYPE/SILKSCREEN_TOP" packageHeight="32" >
      <Label layer="DEVICE TYPE/SILKSCREEN_TOP" textBlock="3" angle="0" x="0" y="-25" text="Dev" justify="center" />
    </Layer>
    <Layer name="USER PART NUMBER/SILKSCREEN_TOP" packageHeight="32" >
      <Label layer="USER PART NUMBER/SILKSCREEN_TOP" textBlock="3" angle="0" x="0" y="-25" text="PN" justify="center" />
    </Layer>
    <Layer name="DEVICE TYPE/ASSEMBLY_TOP" packageHeight="32" >
      <Label layer="DEVICE TYPE/ASSEMBLY_TOP" textBlock="3" angle="0" x="0" y="-25" text="DEV" justify="center" />
    </Layer>
    <Layer name="COMPONENT VALUE/SILKSCREEN_TOP" packageHeight="32" >
      <Label layer="COMPONENT VALUE/SILKSCREEN_TOP" textBlock="3" angle="0" x="0" y="-25" text="VAL" justify="center" />
    </Layer>
    <Layer name="TOLERANCE/SILKSCREEN_TOP" packageHeight="32" >
      <Label layer="TOLERANCE/SILKSCREEN_TOP" textBlock="3" angle="0" x="0" y="-25" text="TOL" justify="center" />
    </Layer>
    <Layer name="REF DES/ASSEMBLY_TOP" packageHeight="32" >
      <Label layer="REF DES/ASSEMBLY_TOP" textBlock="3" angle="0" x="0" y="-25" text="Ref" justify="center" />
    </Layer>
    <Layer name="PACKAGE GEOMETRY/ASSEMBLY_TOP" packageHeight="32" >
      <Path lineWidth="0" type="line" >
        <Point x="-41" y="61" />
        <Point x="-61" y="41" />
      </Path>
    </Layer>
    <Layer name="PACKAGE GEOMETRY/SILKSCREEN_TOP" packageHeight="32" >
      <Circle type="line"  lineWidth="6" originX="-89.7008" originY="37.4016" radius="3" > 
    </Layer>
    <Layer name="PACKAGE GEOMETRY/ASSEMBLY_TOP" packageHeight="32" >
      <Circle type="line"  lineWidth="0" originX="-89.7008" originY="37.4016" radius="3" > 
    </Layer>
    <Layer name="PACKAGE GEOMETRY/SILKSCREEN_TOP" packageHeight="32" >
      <Path lineWidth="6" type="line" >
        <Point x="-71" y="-71" />
        <Point x="71" y="-71" />
      </Path>
    </Layer>
    <Layer name="PACKAGE GEOMETRY/SILKSCREEN_TOP" packageHeight="32" >
      <Path lineWidth="6" type="line" >
        <Point x="71" y="-71" />
        <Point x="71" y="-56.876" />
      </Path>
    </Layer>
    <Layer name="PACKAGE GEOMETRY/SILKSCREEN_TOP" packageHeight="32" >
      <Path lineWidth="6" type="line" >
        <Point x="71" y="71" />
        <Point x="-71" y="71" />
      </Path>
    </Layer>
    <Layer name="PACKAGE GEOMETRY/SILKSCREEN_TOP" packageHeight="32" >
      <Path lineWidth="6" type="line" >
        <Point x="-71" y="71" />
        <Point x="-71" y="56.876" />
      </Path>
    </Layer>
    <Layer name="PACKAGE GEOMETRY/ASSEMBLY_TOP" packageHeight="32" >
      <Path lineWidth="0" type="line" >
        <Point x="-61" y="-61" />
        <Point x="61" y="-61" />
      </Path>
    </Layer>
    <Layer name="PACKAGE GEOMETRY/ASSEMBLY_TOP" packageHeight="32" >
      <Path lineWidth="0" type="line" >
        <Point x="61" y="-61" />
        <Point x="61" y="61" />
      </Path>
    </Layer>
    <Layer name="PACKAGE GEOMETRY/ASSEMBLY_TOP" packageHeight="32" >
      <Path lineWidth="0" type="line" >
        <Point x="61" y="61" />
        <Point x="-61" y="61" />
      </Path>
    </Layer>
    <Layer name="PACKAGE GEOMETRY/ASSEMBLY_TOP" packageHeight="32" >
      <Path lineWidth="0" type="line" >
        <Point x="-61" y="61" />
        <Point x="-61" y="-61" />
      </Path>
    </Layer>
    <Layer name="PACKAGE GEOMETRY/SILKSCREEN_TOP" packageHeight="32" >
      <Path lineWidth="6" type="line" >
        <Point x="-71" y="-56.876" />
        <Point x="-71" y="-71" />
      </Path>
    </Layer>
    <Layer name="PACKAGE GEOMETRY/SILKSCREEN_TOP" packageHeight="32" >
      <Path lineWidth="6" type="line" >
        <Point x="71" y="56.876" />
        <Point x="71" y="71" />
      </Path>
    </Layer>
  </Layers>
</Footprint>
